{
  "base_model": "open-unlearning/tofu_Llama-3.2-1B-Instruct_full",
  "models": [
    "retain90",
    "lr2e-05_\u03b11_ep5",
    "lr2e-05_\u03b15_ep5",
    "lr3e-05_\u03b110_ep5",
    "lr1e-05_\u03b110_ep5",
    "lr1e-05_\u03b110_ep10"
  ],
  "cosine_similarity_matrix": [
    [
      1.0000000000057647,
      0.03959335358017221,
      0.024750467523755464,
      0.021992442671234194,
      0.011411077272146432,
      0.012263940613495105
    ],
    [
      0.03959335358017221,
      0.9999999999995355,
      0.4852852929014137,
      0.3271766440696664,
      0.3109857502813494,
      0.3087992661646091
    ],
    [
      0.024750467523755464,
      0.4852852929014137,
      0.9999999999999535,
      0.6508296206779438,
      0.577887642102778,
      0.5642516547756206
    ],
    [
      0.021992442671234194,
      0.3271766440696664,
      0.6508296206779438,
      0.9999999999995254,
      0.4213181219947454,
      0.408426419723634
    ],
    [
      0.011411077272146432,
      0.3109857502813494,
      0.577887642102778,
      0.4213181219947454,
      0.9999999999994121,
      0.9672425130649479
    ],
    [
      0.012263940613495105,
      0.3087992661646091,
      0.5642516547756206,
      0.408426419723634,
      0.9672425130649479,
      0.9999999999999781
    ]
  ],
  "mean_off_diag": 0.34214761382783415,
  "min_off_diag": 0.011411077272146432,
  "max_off_diag": 0.9672425130649479
}